plant_name,common_name,voiceover_title,lowercase_name
Medicago elegans,,Plant tissue culture to field: Medicago elegans,medicago elegans
Dahlia tricolor,,Plant tissue culture to field: Dahlia tricolor,dahlia tricolor
Buxus diffusa,,Plant tissue culture to field: Buxus diffusa,buxus diffusa
Fagopyrum americana,,Plant tissue culture to field: Fagopyrum americana,fagopyrum americana
Spathiphyllum hederacea,,Plant tissue culture to field: Spathiphyllum hederacea,spathiphyllum hederacea
Cocos amarum,,Plant tissue culture to field: Cocos amarum,cocos amarum
Populus grisea,,Plant tissue culture to field: Populus grisea,populus grisea
Carthamus flava,,Plant tissue culture to field: Carthamus flava,carthamus flava
Asclepias inermi,,Plant tissue culture to field: Asclepias inermi,asclepias inermi
Urtica longifolia,,Plant tissue culture to field: Urtica longifolia,urtica longifolia
Catharanthus arvensis,,Plant tissue culture to field: Catharanthus arvensis,catharanthus arvensis
Convolvulus procumbens,,Plant tissue culture to field: Convolvulus procumbens,convolvulus procumbens
Cinnamomum multiflora,,Plant tissue culture to field: Cinnamomum multiflora,cinnamomum multiflora
Stellaria sylvatica,,Plant tissue culture to field: Stellaria sylvatica,stellaria sylvatica
Ferula edulis,,Plant tissue culture to field: Ferula edulis,ferula edulis
Pisum vernalis,,Plant tissue culture to field: Pisum vernalis,pisum vernalis
Bidens calendulacea,,Plant tissue culture to field: Bidens calendulacea,bidens calendulacea
Foeniculum esculenta,,Plant tissue culture to field: Foeniculum esculenta,foeniculum esculenta
Rubus longifolia,,Plant tissue culture to field: Rubus longifolia,rubus longifolia
Psidium erecta,,Plant tissue culture to field: Psidium erecta,psidium erecta
Lycium arvensis,,Plant tissue culture to field: Lycium arvensis,lycium arvensis
Zea orientalis,,Plant tissue culture to field: Zea orientalis,zea orientalis
Ananas humilis,,Plant tissue culture to field: Ananas humilis,ananas humilis
Lavandula orientalis,,Plant tissue culture to field: Lavandula orientalis,lavandula orientalis
Rubus alpina,,Plant tissue culture to field: Rubus alpina,rubus alpina
Cicer coccinea,,Plant tissue culture to field: Cicer coccinea,cicer coccinea
Buxus nitida,,Plant tissue culture to field: Buxus nitida,buxus nitida
Catharanthus indica,,Plant tissue culture to field: Catharanthus indica,catharanthus indica
Acacia longifolia,,Plant tissue culture to field: Acacia longifolia,acacia longifolia
Sorghum media,,Plant tissue culture to field: Sorghum media,sorghum media
Ulex nana,,Plant tissue culture to field: Ulex nana,ulex nana
Lavandula nobilis,,Plant tissue culture to field: Lavandula nobilis,lavandula nobilis
Eugenia alba,,Plant tissue culture to field: Eugenia alba,eugenia alba
Nicotiana purpurea,,Plant tissue culture to field: Nicotiana purpurea,nicotiana purpurea
Musa dentata,,Plant tissue culture to field: Musa dentata,musa dentata
Hemerocallis erecta,,Plant tissue culture to field: Hemerocallis erecta,hemerocallis erecta
Picea officinalis,,Plant tissue culture to field: Picea officinalis,picea officinalis
Olea patula,,Plant tissue culture to field: Olea patula,olea patula
Coriandrum crispum,,Plant tissue culture to field: Coriandrum crispum,coriandrum crispum
Aegle spicata,,Plant tissue culture to field: Aegle spicata,aegle spicata
Lens recurva,,Plant tissue culture to field: Lens recurva,lens recurva
Juglans dubia,,Plant tissue culture to field: Juglans dubia,juglans dubia
Atriplex vernalis,,Plant tissue culture to field: Atriplex vernalis,atriplex vernalis
Crinum decurrens,,Plant tissue culture to field: Crinum decurrens,crinum decurrens
Xanthium europaea,,Plant tissue culture to field: Xanthium europaea,xanthium europaea
Medicago maculata,,Plant tissue culture to field: Medicago maculata,medicago maculata
Picea media,,Plant tissue culture to field: Picea media,picea media
Musa compacta,,Plant tissue culture to field: Musa compacta,musa compacta
Yucca elongata,,Plant tissue culture to field: Yucca elongata,yucca elongata
Stevia nobilis,,Plant tissue culture to field: Stevia nobilis,stevia nobilis
Cynodon nitida,,Plant tissue culture to field: Cynodon nitida,cynodon nitida
Silybum carnea,,Plant tissue culture to field: Silybum carnea,silybum carnea
Delonix pallida,,Plant tissue culture to field: Delonix pallida,delonix pallida
Lonicera perennis,,Plant tissue culture to field: Lonicera perennis,lonicera perennis
Apium zeylanica,,Plant tissue culture to field: Apium zeylanica,apium zeylanica
Colocasia fruticosa,,Plant tissue culture to field: Colocasia fruticosa,colocasia fruticosa
Camellia erecta,,Plant tissue culture to field: Camellia erecta,camellia erecta
Theobroma carnea,,Plant tissue culture to field: Theobroma carnea,theobroma carnea
Manihot gallica,,Plant tissue culture to field: Manihot gallica,manihot gallica
Castanea nana,,Plant tissue culture to field: Castanea nana,castanea nana
Aspidosperma sinensis,,Plant tissue culture to field: Aspidosperma sinensis,aspidosperma sinensis
Datura elongata,,Plant tissue culture to field: Datura elongata,datura elongata
Chenopodium inermi,,Plant tissue culture to field: Chenopodium inermi,chenopodium inermi
Daucus orientalis,,Plant tissue culture to field: Daucus orientalis,daucus orientalis
Cicer crispum,,Plant tissue culture to field: Cicer crispum,cicer crispum
Convolvulus canadensis,,Plant tissue culture to field: Convolvulus canadensis,convolvulus canadensis
Hibiscus compacta,,Plant tissue culture to field: Hibiscus compacta,hibiscus compacta
Anemone trifoliata,,Plant tissue culture to field: Anemone trifoliata,anemone trifoliata
Curcuma ensis,,Plant tissue culture to field: Curcuma ensis,curcuma ensis
Sesamum inermi,,Plant tissue culture to field: Sesamum inermi,sesamum inermi
Helianthus juncea,,Plant tissue culture to field: Helianthus juncea,helianthus juncea
Verbascum dubia,,Plant tissue culture to field: Verbascum dubia,verbascum dubia
Withania glabra,,Plant tissue culture to field: Withania glabra,withania glabra
Daucus nobilis,,Plant tissue culture to field: Daucus nobilis,daucus nobilis
Viola coccinea,,Plant tissue culture to field: Viola coccinea,viola coccinea
Triticum orientalis,,Plant tissue culture to field: Triticum orientalis,triticum orientalis
Valeriana repens,,Plant tissue culture to field: Valeriana repens,valeriana repens
Asparagus nitida,,Plant tissue culture to field: Asparagus nitida,asparagus nitida
Cucurbita fruticosa,,Plant tissue culture to field: Cucurbita fruticosa,cucurbita fruticosa
Sesamum lutea,,Plant tissue culture to field: Sesamum lutea,sesamum lutea
Ferula coccinea,,Plant tissue culture to field: Ferula coccinea,ferula coccinea
Lens americana,,Plant tissue culture to field: Lens americana,lens americana
Satureja parviflora,,Plant tissue culture to field: Satureja parviflora,satureja parviflora
Vinca nobilis,,Plant tissue culture to field: Vinca nobilis,vinca nobilis
Ailanthus sylvatica,,Plant tissue culture to field: Ailanthus sylvatica,ailanthus sylvatica
Vitis juncea,,Plant tissue culture to field: Vitis juncea,vitis juncea
Rudbeckia dubia,,Plant tissue culture to field: Rudbeckia dubia,rudbeckia dubia
Sanguinaria crispum,,Plant tissue culture to field: Sanguinaria crispum,sanguinaria crispum
Gossypium florida,,Plant tissue culture to field: Gossypium florida,gossypium florida
Vaccinium nobilis,,Plant tissue culture to field: Vaccinium nobilis,vaccinium nobilis
Rosa integrifolia,,Plant tissue culture to field: Rosa integrifolia,rosa integrifolia
Ammi japonica,,Plant tissue culture to field: Ammi japonica,ammi japonica
Cocos compacta,,Plant tissue culture to field: Cocos compacta,cocos compacta
Cynara falcata,,Plant tissue culture to field: Cynara falcata,cynara falcata
Ammi compacta,,Plant tissue culture to field: Ammi compacta,ammi compacta
Atriplex flava,,Plant tissue culture to field: Atriplex flava,atriplex flava
Mentha dubia,,Plant tissue culture to field: Mentha dubia,mentha dubia
Artemisia lactea,,Plant tissue culture to field: Artemisia lactea,artemisia lactea
Ricinus sinensis,,Plant tissue culture to field: Ricinus sinensis,ricinus sinensis
Populus fragrans,,Plant tissue culture to field: Populus fragrans,populus fragrans
Betula diffusa,,Plant tissue culture to field: Betula diffusa,betula diffusa
Agave americana,,Plant tissue culture to field: Agave americana,agave americana
Juniperus nigra,,Plant tissue culture to field: Juniperus nigra,juniperus nigra
Dipsacus inermi,,Plant tissue culture to field: Dipsacus inermi,dipsacus inermi
Ambrosia sylvatica,,Plant tissue culture to field: Ambrosia sylvatica,ambrosia sylvatica
Gossypium versicolor,,Plant tissue culture to field: Gossypium versicolor,gossypium versicolor
Ferula decurrens,,Plant tissue culture to field: Ferula decurrens,ferula decurrens
Hyoscyamus falcata,,Plant tissue culture to field: Hyoscyamus falcata,hyoscyamus falcata
Cedrus pratensis,,Plant tissue culture to field: Cedrus pratensis,cedrus pratensis
Triticum canadensis,,Plant tissue culture to field: Triticum canadensis,triticum canadensis
Oxalis latifolia,,Plant tissue culture to field: Oxalis latifolia,oxalis latifolia
Ulmus patula,,Plant tissue culture to field: Ulmus patula,ulmus patula
Cucumis radiata,,Plant tissue culture to field: Cucumis radiata,cucumis radiata
Eugenia pinnata,,Plant tissue culture to field: Eugenia pinnata,eugenia pinnata
Eugenia juncea,,Plant tissue culture to field: Eugenia juncea,eugenia juncea
Vinca procumbens,,Plant tissue culture to field: Vinca procumbens,vinca procumbens
Buddleja americana,,Plant tissue culture to field: Buddleja americana,buddleja americana
Citrus fragrans,,Plant tissue culture to field: Citrus fragrans,citrus fragrans
Eleusine montana,,Plant tissue culture to field: Eleusine montana,eleusine montana
Vinca parviflora,,Plant tissue culture to field: Vinca parviflora,vinca parviflora
Hedera angustifolia,,Plant tissue culture to field: Hedera angustifolia,hedera angustifolia
Sanguinaria rotundifolia,,Plant tissue culture to field: Sanguinaria rotundifolia,sanguinaria rotundifolia
Cinnamomum americana,,Plant tissue culture to field: Cinnamomum americana,cinnamomum americana
Kigelia patula,,Plant tissue culture to field: Kigelia patula,kigelia patula
Cucurbita procumbens,,Plant tissue culture to field: Cucurbita procumbens,cucurbita procumbens
Agave rotundifolia,,Plant tissue culture to field: Agave rotundifolia,agave rotundifolia
Passiflora pubescens,,Plant tissue culture to field: Passiflora pubescens,passiflora pubescens
Plantago compacta,,Plant tissue culture to field: Plantago compacta,plantago compacta
Achillea minor,,Plant tissue culture to field: Achillea minor,achillea minor
Iris palustris,,Plant tissue culture to field: Iris palustris,iris palustris
Allium multiflora,,Plant tissue culture to field: Allium multiflora,allium multiflora
Citrus paniculata,,Plant tissue culture to field: Citrus paniculata,citrus paniculata
Alnus grisea,,Plant tissue culture to field: Alnus grisea,alnus grisea
Acacia arvensis,,Plant tissue culture to field: Acacia arvensis,acacia arvensis
Rubus violacea,,Plant tissue culture to field: Rubus violacea,rubus violacea
Buddleja caryophyllata,,Plant tissue culture to field: Buddleja caryophyllata,buddleja caryophyllata
Ceratonia borealis,,Plant tissue culture to field: Ceratonia borealis,ceratonia borealis
Plantago japonica,,Plant tissue culture to field: Plantago japonica,plantago japonica
Triticum paniculata,,Plant tissue culture to field: Triticum paniculata,triticum paniculata
Allium diffusa,,Plant tissue culture to field: Allium diffusa,allium diffusa
Hibiscus foetida,,Plant tissue culture to field: Hibiscus foetida,hibiscus foetida
Rosa australis,,Plant tissue culture to field: Rosa australis,rosa australis
Vinca lanata,,Plant tissue culture to field: Vinca lanata,vinca lanata
Ficus chinensis,,Plant tissue culture to field: Ficus chinensis,ficus chinensis
Psidium crispum,,Plant tissue culture to field: Psidium crispum,psidium crispum
Artemisia vernalis,,Plant tissue culture to field: Artemisia vernalis,artemisia vernalis
Helianthus violacea,,Plant tissue culture to field: Helianthus violacea,helianthus violacea
Elaeis vulgaris,,Plant tissue culture to field: Elaeis vulgaris,elaeis vulgaris
Echinacea radiata,,Plant tissue culture to field: Echinacea radiata,echinacea radiata
Quercus dasycarpa,,Plant tissue culture to field: Quercus dasycarpa,quercus dasycarpa
Ziziphus pratensis,,Plant tissue culture to field: Ziziphus pratensis,ziziphus pratensis
Catharanthus xantha,,Plant tissue culture to field: Catharanthus xantha,catharanthus xantha
Lavandula lanceolata,,Plant tissue culture to field: Lavandula lanceolata,lavandula lanceolata
Matricaria nigra,,Plant tissue culture to field: Matricaria nigra,matricaria nigra
Zea crispum,,Plant tissue culture to field: Zea crispum,zea crispum
Lonicera trifoliata,,Plant tissue culture to field: Lonicera trifoliata,lonicera trifoliata
Phaseolus angustifolia,,Plant tissue culture to field: Phaseolus angustifolia,phaseolus angustifolia
Theobroma longifolia,,Plant tissue culture to field: Theobroma longifolia,theobroma longifolia
Coriandrum sylvatica,,Plant tissue culture to field: Coriandrum sylvatica,coriandrum sylvatica
Lavandula grandiflora,,Plant tissue culture to field: Lavandula grandiflora,lavandula grandiflora
Psidium parviflora,,Plant tissue culture to field: Psidium parviflora,psidium parviflora
Picea fragrans,,Plant tissue culture to field: Picea fragrans,picea fragrans
Rosmarinus pubescens,,Plant tissue culture to field: Rosmarinus pubescens,rosmarinus pubescens
Lycium media,,Plant tissue culture to field: Lycium media,lycium media
Anthurium crispum,,Plant tissue culture to field: Anthurium crispum,anthurium crispum
Lupinus indica,,Plant tissue culture to field: Lupinus indica,lupinus indica
Triticum parviflora,,Plant tissue culture to field: Triticum parviflora,triticum parviflora
Vinca esculenta,,Plant tissue culture to field: Vinca esculenta,vinca esculenta
Verbascum sinensis,,Plant tissue culture to field: Verbascum sinensis,verbascum sinensis
Chenopodium vulgaris,,Plant tissue culture to field: Chenopodium vulgaris,chenopodium vulgaris
Celosia inermi,,Plant tissue culture to field: Celosia inermi,celosia inermi
Ilex tricolor,,Plant tissue culture to field: Ilex tricolor,ilex tricolor
Quercus grandiflora,,Plant tissue culture to field: Quercus grandiflora,quercus grandiflora
Opuntia pratensis,,Plant tissue culture to field: Opuntia pratensis,opuntia pratensis
Eugenia edulis,,Plant tissue culture to field: Eugenia edulis,eugenia edulis
Saponaria vernalis,,Plant tissue culture to field: Saponaria vernalis,saponaria vernalis
Chenopodium esculenta,,Plant tissue culture to field: Chenopodium esculenta,chenopodium esculenta
Ananas tricolor,,Plant tissue culture to field: Ananas tricolor,ananas tricolor
Anemone pallida,,Plant tissue culture to field: Anemone pallida,anemone pallida
Medicago lanceolata,,Plant tissue culture to field: Medicago lanceolata,medicago lanceolata
Rosa humilis,,Plant tissue culture to field: Rosa humilis,rosa humilis
Artemisia deltoidea,,Plant tissue culture to field: Artemisia deltoidea,artemisia deltoidea
Elaeis reticulata,,Plant tissue culture to field: Elaeis reticulata,elaeis reticulata
Coriandrum australis,,Plant tissue culture to field: Coriandrum australis,coriandrum australis
Camellia lanata,,Plant tissue culture to field: Camellia lanata,camellia lanata
Juglans japonica,,Plant tissue culture to field: Juglans japonica,juglans japonica
Cajanus nitida,,Plant tissue culture to field: Cajanus nitida,cajanus nitida
Carissa tomentosa,,Plant tissue culture to field: Carissa tomentosa,carissa tomentosa
Psidium gallica,,Plant tissue culture to field: Psidium gallica,psidium gallica
Vinca angustifolia,,Plant tissue culture to field: Vinca angustifolia,vinca angustifolia
Pennisetum latifolia,,Plant tissue culture to field: Pennisetum latifolia,pennisetum latifolia
Asparagus inermi,,Plant tissue culture to field: Asparagus inermi,asparagus inermi
Arachis pyrenaica,,Plant tissue culture to field: Arachis pyrenaica,arachis pyrenaica
Ambrosia alba,,Plant tissue culture to field: Ambrosia alba,ambrosia alba
Celosia decurrens,,Plant tissue culture to field: Celosia decurrens,celosia decurrens
Taxus americana,,Plant tissue culture to field: Taxus americana,taxus americana
Camellia inermi,,Plant tissue culture to field: Camellia inermi,camellia inermi
Alcea perennis,,Plant tissue culture to field: Alcea perennis,alcea perennis
Ginkgo esculenta,,Plant tissue culture to field: Ginkgo esculenta,ginkgo esculenta
Cynodon borealis,,Plant tissue culture to field: Cynodon borealis,cynodon borealis
Zea palustris,,Plant tissue culture to field: Zea palustris,zea palustris
Carica edulis,,Plant tissue culture to field: Carica edulis,carica edulis
Musa pallida,,Plant tissue culture to field: Musa pallida,musa pallida
Taraxacum alpina,,Plant tissue culture to field: Taraxacum alpina,taraxacum alpina
Ananas brevifolia,,Plant tissue culture to field: Ananas brevifolia,ananas brevifolia
Ginkgo sibirica,,Plant tissue culture to field: Ginkgo sibirica,ginkgo sibirica
Lotus glauca,,Plant tissue culture to field: Lotus glauca,lotus glauca
Salix palustris,,Plant tissue culture to field: Salix palustris,salix palustris
Dianthus lanceolata,,Plant tissue culture to field: Dianthus lanceolata,dianthus lanceolata
Clerodendrum lutea,,Plant tissue culture to field: Clerodendrum lutea,clerodendrum lutea
Cocos lanata,,Plant tissue culture to field: Cocos lanata,cocos lanata
Iris dubia,,Plant tissue culture to field: Iris dubia,iris dubia
Acacia dasycarpa,,Plant tissue culture to field: Acacia dasycarpa,acacia dasycarpa
Alnus recurva,,Plant tissue culture to field: Alnus recurva,alnus recurva
Daucus maxima,,Plant tissue culture to field: Daucus maxima,daucus maxima
Salix dentata,,Plant tissue culture to field: Salix dentata,salix dentata
Capsicum caerulea,,Plant tissue culture to field: Capsicum caerulea,capsicum caerulea
Stellaria reticulata,,Plant tissue culture to field: Stellaria reticulata,stellaria reticulata
Astragalus decurrens,,Plant tissue culture to field: Astragalus decurrens,astragalus decurrens
Lycium pyrenaica,,Plant tissue culture to field: Lycium pyrenaica,lycium pyrenaica
Xanthium angustifolia,,Plant tissue culture to field: Xanthium angustifolia,xanthium angustifolia
Vicia sativa,,Plant tissue culture to field: Vicia sativa,vicia sativa
Castanea hirsuta,,Plant tissue culture to field: Castanea hirsuta,castanea hirsuta
Dianthus alba,,Plant tissue culture to field: Dianthus alba,dianthus alba
Capsicum chinensis,,Plant tissue culture to field: Capsicum chinensis,capsicum chinensis
Iris nitida,,Plant tissue culture to field: Iris nitida,iris nitida
Asparagus recurva,,Plant tissue culture to field: Asparagus recurva,asparagus recurva
Origanum nigra,,Plant tissue culture to field: Origanum nigra,origanum nigra
Yucca sinensis,,Plant tissue culture to field: Yucca sinensis,yucca sinensis
Taraxacum foetida,,Plant tissue culture to field: Taraxacum foetida,taraxacum foetida
Vicia amarum,,Plant tissue culture to field: Vicia amarum,vicia amarum
Begonia foetida,,Plant tissue culture to field: Begonia foetida,begonia foetida
Avena sativa,,Plant tissue culture to field: Avena sativa,avena sativa
Ulex decurrens,,Plant tissue culture to field: Ulex decurrens,ulex decurrens
Berberis lanceolata,,Plant tissue culture to field: Berberis lanceolata,berberis lanceolata
Morus fruticosa,,Plant tissue culture to field: Morus fruticosa,morus fruticosa
Pistacia versicolor,,Plant tissue culture to field: Pistacia versicolor,pistacia versicolor
Sorghum nigra,,Plant tissue culture to field: Sorghum nigra,sorghum nigra
Lens elegans,,Plant tissue culture to field: Lens elegans,lens elegans
Datura angustifolia,,Plant tissue culture to field: Datura angustifolia,datura angustifolia
Capsicum amarum,,Plant tissue culture to field: Capsicum amarum,capsicum amarum
Magnolia coccinea,,Plant tissue culture to field: Magnolia coccinea,magnolia coccinea
Verbascum gallica,,Plant tissue culture to field: Verbascum gallica,verbascum gallica
Brassica esculenta,,Plant tissue culture to field: Brassica esculenta,brassica esculenta
Pinus dasycarpa,,Plant tissue culture to field: Pinus dasycarpa,pinus dasycarpa
Foeniculum pallida,,Plant tissue culture to field: Foeniculum pallida,foeniculum pallida
Cicer alpina,,Plant tissue culture to field: Cicer alpina,cicer alpina
Plantago elongata,,Plant tissue culture to field: Plantago elongata,plantago elongata
Hibiscus pumila,,Plant tissue culture to field: Hibiscus pumila,hibiscus pumila
Fragaria littoralis,,Plant tissue culture to field: Fragaria littoralis,fragaria littoralis
Hydrangea lanata,,Plant tissue culture to field: Hydrangea lanata,hydrangea lanata
Dioscorea inermi,,Plant tissue culture to field: Dioscorea inermi,dioscorea inermi
Carica pinnata,,Plant tissue culture to field: Carica pinnata,carica pinnata
Ilex foetida,,Plant tissue culture to field: Ilex foetida,ilex foetida
Jasminum ensis,,Plant tissue culture to field: Jasminum ensis,jasminum ensis
Lactuca major,,Plant tissue culture to field: Lactuca major,lactuca major
Quercus coccinea,,Plant tissue culture to field: Quercus coccinea,quercus coccinea
Lactuca perennis,,Plant tissue culture to field: Lactuca perennis,lactuca perennis
Lactuca inermi,,Plant tissue culture to field: Lactuca inermi,lactuca inermi
Picea picta,,Plant tissue culture to field: Picea picta,picea picta
Alcea latifolia,,Plant tissue culture to field: Alcea latifolia,alcea latifolia
Raphanus florida,,Plant tissue culture to field: Raphanus florida,raphanus florida
Rudbeckia vernalis,,Plant tissue culture to field: Rudbeckia vernalis,rudbeckia vernalis
Magnolia brevifolia,,Plant tissue culture to field: Magnolia brevifolia,magnolia brevifolia
Castanea citrina,,Plant tissue culture to field: Castanea citrina,castanea citrina
Buxus littoralis,,Plant tissue culture to field: Buxus littoralis,buxus littoralis
Buddleja perennis,,Plant tissue culture to field: Buddleja perennis,buddleja perennis
Picea vulgaris,,Plant tissue culture to field: Picea vulgaris,picea vulgaris
Atriplex edulis,,Plant tissue culture to field: Atriplex edulis,atriplex edulis
Oxalis vernalis,,Plant tissue culture to field: Oxalis vernalis,oxalis vernalis
Setaria elegans,,Plant tissue culture to field: Setaria elegans,setaria elegans
Corylus nitida,,Plant tissue culture to field: Corylus nitida,corylus nitida
Papaver arvensis,,Plant tissue culture to field: Papaver arvensis,papaver arvensis
Spinacia radiata,,Plant tissue culture to field: Spinacia radiata,spinacia radiata
Morus paniculata,,Plant tissue culture to field: Morus paniculata,morus paniculata
Angelica parviflora,,Plant tissue culture to field: Angelica parviflora,angelica parviflora
Brassica elegans,,Plant tissue culture to field: Brassica elegans,brassica elegans
Psidium borealis,,Plant tissue culture to field: Psidium borealis,psidium borealis
Vitis xantha,,Plant tissue culture to field: Vitis xantha,vitis xantha
Delonix capensis,,Plant tissue culture to field: Delonix capensis,delonix capensis
Jasminum caryophyllata,,Plant tissue culture to field: Jasminum caryophyllata,jasminum caryophyllata
Centaurea florida,,Plant tissue culture to field: Centaurea florida,centaurea florida
Datura dulcis,,Plant tissue culture to field: Datura dulcis,datura dulcis
Anthurium ensis,,Plant tissue culture to field: Anthurium ensis,anthurium ensis
Withania hirsuta,,Plant tissue culture to field: Withania hirsuta,withania hirsuta
Cassia hirsuta,,Plant tissue culture to field: Cassia hirsuta,cassia hirsuta
Buxus hirsuta,,Plant tissue culture to field: Buxus hirsuta,buxus hirsuta
Alpinia rubra,,Plant tissue culture to field: Alpinia rubra,alpinia rubra
Hedera persica,,Plant tissue culture to field: Hedera persica,hedera persica
Capsicum indica,,Plant tissue culture to field: Capsicum indica,capsicum indica
Mentha media,,Plant tissue culture to field: Mentha media,mentha media
Cedrus multiflora,,Plant tissue culture to field: Cedrus multiflora,cedrus multiflora
Capsicum cordata,,Plant tissue culture to field: Capsicum cordata,capsicum cordata
Citrus arvensis,,Plant tissue culture to field: Citrus arvensis,citrus arvensis
Ficus inermi,,Plant tissue culture to field: Ficus inermi,ficus inermi
Curcuma maculata,,Plant tissue culture to field: Curcuma maculata,curcuma maculata
Allium falcata,,Plant tissue culture to field: Allium falcata,allium falcata
Phoenix indica,,Plant tissue culture to field: Phoenix indica,phoenix indica
Pennisetum rosea,,Plant tissue culture to field: Pennisetum rosea,pennisetum rosea
Ambrosia patula,,Plant tissue culture to field: Ambrosia patula,ambrosia patula
Rubus spicata,,Plant tissue culture to field: Rubus spicata,rubus spicata
Carthamus recurva,,Plant tissue culture to field: Carthamus recurva,carthamus recurva
Angelica japonica,,Plant tissue culture to field: Angelica japonica,angelica japonica
Spinacia lanata,,Plant tissue culture to field: Spinacia lanata,spinacia lanata
Curcuma minor,,Plant tissue culture to field: Curcuma minor,curcuma minor
Onobrychis rotundifolia,,Plant tissue culture to field: Onobrychis rotundifolia,onobrychis rotundifolia
Indigofera zeylanica,,Plant tissue culture to field: Indigofera zeylanica,indigofera zeylanica
Panax annua,,Plant tissue culture to field: Panax annua,panax annua
Silybum cordata,,Plant tissue culture to field: Silybum cordata,silybum cordata
Onobrychis media,,Plant tissue culture to field: Onobrychis media,onobrychis media
Alpinia umbellata,,Plant tissue culture to field: Alpinia umbellata,alpinia umbellata
Cajanus dasycarpa,,Plant tissue culture to field: Cajanus dasycarpa,cajanus dasycarpa
Gossypium sibirica,,Plant tissue culture to field: Gossypium sibirica,gossypium sibirica
Rudbeckia platyphylla,,Plant tissue culture to field: Rudbeckia platyphylla,rudbeckia platyphylla
Bromus sinensis,,Plant tissue culture to field: Bromus sinensis,bromus sinensis
Lavandula paniculata,,Plant tissue culture to field: Lavandula paniculata,lavandula paniculata
Diospyros radiata,,Plant tissue culture to field: Diospyros radiata,diospyros radiata
Withania reticulata,,Plant tissue culture to field: Withania reticulata,withania reticulata
Opuntia hirsuta,,Plant tissue culture to field: Opuntia hirsuta,opuntia hirsuta
Ailanthus pinnata,,Plant tissue culture to field: Ailanthus pinnata,ailanthus pinnata
Valeriana hederacea,,Plant tissue culture to field: Valeriana hederacea,valeriana hederacea
Catharanthus alba,,Plant tissue culture to field: Catharanthus alba,catharanthus alba
Begonia multiflora,,Plant tissue culture to field: Begonia multiflora,begonia multiflora
Caladium sinensis,,Plant tissue culture to field: Caladium sinensis,caladium sinensis
Raphanus compacta,,Plant tissue culture to field: Raphanus compacta,raphanus compacta
Cedrus lactea,,Plant tissue culture to field: Cedrus lactea,cedrus lactea
Lilium florida,,Plant tissue culture to field: Lilium florida,lilium florida
Dianthus carnea,,Plant tissue culture to field: Dianthus carnea,dianthus carnea
Manihot radiata,,Plant tissue culture to field: Manihot radiata,manihot radiata
Apium fasciculata,,Plant tissue culture to field: Apium fasciculata,apium fasciculata
Centaurea xantha,,Plant tissue culture to field: Centaurea xantha,centaurea xantha
Ricinus xantha,,Plant tissue culture to field: Ricinus xantha,ricinus xantha
Mimosa radiata,,Plant tissue culture to field: Mimosa radiata,mimosa radiata
Avicennia repens,,Plant tissue culture to field: Avicennia repens,avicennia repens
Convolvulus recurva,,Plant tissue culture to field: Convolvulus recurva,convolvulus recurva
Secale parviflora,,Plant tissue culture to field: Secale parviflora,secale parviflora
Spathiphyllum spicata,,Plant tissue culture to field: Spathiphyllum spicata,spathiphyllum spicata
Taxus media,,Plant tissue culture to field: Taxus media,taxus media
Astragalus falcata,,Plant tissue culture to field: Astragalus falcata,astragalus falcata
Lobelia rubra,,Plant tissue culture to field: Lobelia rubra,lobelia rubra
Bromus borealis,,Plant tissue culture to field: Bromus borealis,bromus borealis
Ambrosia vulgaris,,Plant tissue culture to field: Ambrosia vulgaris,ambrosia vulgaris
Acer alba,,Plant tissue culture to field: Acer alba,acer alba
Hyoscyamus perennis,,Plant tissue culture to field: Hyoscyamus perennis,hyoscyamus perennis
Rosmarinus nana,,Plant tissue culture to field: Rosmarinus nana,rosmarinus nana
Kigelia dasycarpa,,Plant tissue culture to field: Kigelia dasycarpa,kigelia dasycarpa
Hordeum repens,,Plant tissue culture to field: Hordeum repens,hordeum repens
Medicago diffusa,,Plant tissue culture to field: Medicago diffusa,medicago diffusa
Asclepias violacea,,Plant tissue culture to field: Asclepias violacea,asclepias violacea
Prunus fragrans,,Plant tissue culture to field: Prunus fragrans,prunus fragrans
Lobelia carnea,,Plant tissue culture to field: Lobelia carnea,lobelia carnea
Allium spicata,,Plant tissue culture to field: Allium spicata,allium spicata
Rosa angustifolia,,Plant tissue culture to field: Rosa angustifolia,rosa angustifolia
Dracaena europaea,,Plant tissue culture to field: Dracaena europaea,dracaena europaea
Picea caryophyllata,,Plant tissue culture to field: Picea caryophyllata,picea caryophyllata
Solanum littoralis,,Plant tissue culture to field: Solanum littoralis,solanum littoralis
Cynodon lactea,,Plant tissue culture to field: Cynodon lactea,cynodon lactea
Betula parviflora,,Plant tissue culture to field: Betula parviflora,betula parviflora
Medicago calendulacea,,Plant tissue culture to field: Medicago calendulacea,medicago calendulacea
Juglans maxima,,Plant tissue culture to field: Juglans maxima,juglans maxima
Sesamum juncea,,Plant tissue culture to field: Sesamum juncea,sesamum juncea
Coriandrum tricolor,,Plant tissue culture to field: Coriandrum tricolor,coriandrum tricolor
Cajanus pumila,,Plant tissue culture to field: Cajanus pumila,cajanus pumila
Avicennia trifoliata,,Plant tissue culture to field: Avicennia trifoliata,avicennia trifoliata
Mentha albidum,,Plant tissue culture to field: Mentha albidum,mentha albidum
Camellia pallida,,Plant tissue culture to field: Camellia pallida,camellia pallida
Elaeis decurrens,,Plant tissue culture to field: Elaeis decurrens,elaeis decurrens
Colocasia platyphylla,,Plant tissue culture to field: Colocasia platyphylla,colocasia platyphylla
Aspidosperma cordata,,Plant tissue culture to field: Aspidosperma cordata,aspidosperma cordata
Aegle fruticosa,,Plant tissue culture to field: Aegle fruticosa,aegle fruticosa
Coffea dulcis,,Plant tissue culture to field: Coffea dulcis,coffea dulcis
Ocimum maxima,,Plant tissue culture to field: Ocimum maxima,ocimum maxima
Bromus procumbens,,Plant tissue culture to field: Bromus procumbens,bromus procumbens
Castanea angustifolia,,Plant tissue culture to field: Castanea angustifolia,castanea angustifolia
Ilex maculata,,Plant tissue culture to field: Ilex maculata,ilex maculata
Oryza calendulacea,,Plant tissue culture to field: Oryza calendulacea,oryza calendulacea
Elaeis inermi,,Plant tissue culture to field: Elaeis inermi,elaeis inermi
Arachis spicata,,Plant tissue culture to field: Arachis spicata,arachis spicata
Triticum pubescens,,Plant tissue culture to field: Triticum pubescens,triticum pubescens
Camellia maxima,,Plant tissue culture to field: Camellia maxima,camellia maxima
Ricinus palustris,,Plant tissue culture to field: Ricinus palustris,ricinus palustris
Tagetes capensis,,Plant tissue culture to field: Tagetes capensis,tagetes capensis
Silybum florida,,Plant tissue culture to field: Silybum florida,silybum florida
Pyrus spicata,,Plant tissue culture to field: Pyrus spicata,pyrus spicata
Xanthium ensis,,Plant tissue culture to field: Xanthium ensis,xanthium ensis
Ambrosia inermi,,Plant tissue culture to field: Ambrosia inermi,ambrosia inermi
Anthurium lanata,,Plant tissue culture to field: Anthurium lanata,anthurium lanata
Lobelia capensis,,Plant tissue culture to field: Lobelia capensis,lobelia capensis
Morus tricolor,,Plant tissue culture to field: Morus tricolor,morus tricolor
Aloe radiata,,Plant tissue culture to field: Aloe radiata,aloe radiata
Triticum maxima,,Plant tissue culture to field: Triticum maxima,triticum maxima
Carissa persica,,Plant tissue culture to field: Carissa persica,carissa persica
Glycine trilobata,,Plant tissue culture to field: Glycine trilobata,glycine trilobata
Panax esculenta,,Plant tissue culture to field: Panax esculenta,panax esculenta
Fagus tricolor,,Plant tissue culture to field: Fagus tricolor,fagus tricolor
Aegle foetida,,Plant tissue culture to field: Aegle foetida,aegle foetida
Avena lactea,,Plant tissue culture to field: Avena lactea,avena lactea
Cicer humilis,,Plant tissue culture to field: Cicer humilis,cicer humilis
Datura rosea,,Plant tissue culture to field: Datura rosea,datura rosea
Stellaria ensis,,Plant tissue culture to field: Stellaria ensis,stellaria ensis
Dioscorea viridis,,Plant tissue culture to field: Dioscorea viridis,dioscorea viridis
Alcea vernalis,,Plant tissue culture to field: Alcea vernalis,alcea vernalis
Amaranthus tomentosa,,Plant tissue culture to field: Amaranthus tomentosa,amaranthus tomentosa
Agave glauca,,Plant tissue culture to field: Agave glauca,agave glauca
Lens spicata,,Plant tissue culture to field: Lens spicata,lens spicata
Triticum vulgaris,,Plant tissue culture to field: Triticum vulgaris,triticum vulgaris
Raphanus esculenta,,Plant tissue culture to field: Raphanus esculenta,raphanus esculenta
Olea perennis,,Plant tissue culture to field: Olea perennis,olea perennis
Citrus nana,,Plant tissue culture to field: Citrus nana,citrus nana
Taraxacum violacea,,Plant tissue culture to field: Taraxacum violacea,taraxacum violacea
Saccharum multiflora,,Plant tissue culture to field: Saccharum multiflora,saccharum multiflora
Astragalus sylvatica,,Plant tissue culture to field: Astragalus sylvatica,astragalus sylvatica
Beta trifoliata,,Plant tissue culture to field: Beta trifoliata,beta trifoliata
Daucus americana,,Plant tissue culture to field: Daucus americana,daucus americana
Paeonia reticulata,,Plant tissue culture to field: Paeonia reticulata,paeonia reticulata
Medicago integrifolia,,Plant tissue culture to field: Medicago integrifolia,medicago integrifolia
Pistacia patula,,Plant tissue culture to field: Pistacia patula,pistacia patula
Populus juncea,,Plant tissue culture to field: Populus juncea,populus juncea
Centaurea indica,,Plant tissue culture to field: Centaurea indica,centaurea indica
Vicia coccinea,,Plant tissue culture to field: Vicia coccinea,vicia coccinea
Glycine tricolor,,Plant tissue culture to field: Glycine tricolor,glycine tricolor
Tamarindus erecta,,Plant tissue culture to field: Tamarindus erecta,tamarindus erecta
Alcea cordata,,Plant tissue culture to field: Alcea cordata,alcea cordata
Mimosa fragrans,,Plant tissue culture to field: Mimosa fragrans,mimosa fragrans
Lilium cordata,,Plant tissue culture to field: Lilium cordata,lilium cordata
Spinacia hederacea,,Plant tissue culture to field: Spinacia hederacea,spinacia hederacea
Cicer littoralis,,Plant tissue culture to field: Cicer littoralis,cicer littoralis
Lobelia edulis,,Plant tissue culture to field: Lobelia edulis,lobelia edulis
Lonicera compacta,,Plant tissue culture to field: Lonicera compacta,lonicera compacta
Brassica decurrens,,Plant tissue culture to field: Brassica decurrens,brassica decurrens
Crinum recurva,,Plant tissue culture to field: Crinum recurva,crinum recurva
Vinca radiata,,Plant tissue culture to field: Vinca radiata,vinca radiata
Urtica dulcis,,Plant tissue culture to field: Urtica dulcis,urtica dulcis
Thymus foetida,,Plant tissue culture to field: Thymus foetida,thymus foetida
Datura lanceolata,,Plant tissue culture to field: Datura lanceolata,datura lanceolata
Triticum dentata,,Plant tissue culture to field: Triticum dentata,triticum dentata
Carica europaea,,Plant tissue culture to field: Carica europaea,carica europaea
Grevillea caryophyllata,,Plant tissue culture to field: Grevillea caryophyllata,grevillea caryophyllata
Populus grandiflora,,Plant tissue culture to field: Populus grandiflora,populus grandiflora
Xanthium sinensis,,Plant tissue culture to field: Xanthium sinensis,xanthium sinensis
Kigelia deltoidea,,Plant tissue culture to field: Kigelia deltoidea,kigelia deltoidea
Chenopodium orientalis,,Plant tissue culture to field: Chenopodium orientalis,chenopodium orientalis
Asclepias sylvatica,,Plant tissue culture to field: Asclepias sylvatica,asclepias sylvatica
Prunus diffusa,,Plant tissue culture to field: Prunus diffusa,prunus diffusa
Jasminum parviflora,,Plant tissue culture to field: Jasminum parviflora,jasminum parviflora
Lycium montana,,Plant tissue culture to field: Lycium montana,lycium montana
Urtica tricolor,,Plant tissue culture to field: Urtica tricolor,urtica tricolor
Poa pubescens,,Plant tissue culture to field: Poa pubescens,poa pubescens
Nicotiana pallida,,Plant tissue culture to field: Nicotiana pallida,nicotiana pallida
Cassia annua,,Plant tissue culture to field: Cassia annua,cassia annua
Hedera rosea,,Plant tissue culture to field: Hedera rosea,hedera rosea
Ricinus viridis,,Plant tissue culture to field: Ricinus viridis,ricinus viridis
Fagus esculenta,,Plant tissue culture to field: Fagus esculenta,fagus esculenta
Carica recurva,,Plant tissue culture to field: Carica recurva,carica recurva
Indigofera spicata,,Plant tissue culture to field: Indigofera spicata,indigofera spicata
Sesamum spicata,,Plant tissue culture to field: Sesamum spicata,sesamum spicata
Ailanthus parviflora,,Plant tissue culture to field: Ailanthus parviflora,ailanthus parviflora
Glycine nobilis,,Plant tissue culture to field: Glycine nobilis,glycine nobilis
Pennisetum pubescens,,Plant tissue culture to field: Pennisetum pubescens,pennisetum pubescens
Petroselinum orientalis,,Plant tissue culture to field: Petroselinum orientalis,petroselinum orientalis
Bromus capensis,,Plant tissue culture to field: Bromus capensis,bromus capensis
Passiflora sinensis,,Plant tissue culture to field: Passiflora sinensis,passiflora sinensis
Lens ensis,,Plant tissue culture to field: Lens ensis,lens ensis
Santalum dentata,,Plant tissue culture to field: Santalum dentata,santalum dentata
Celosia parviflora,,Plant tissue culture to field: Celosia parviflora,celosia parviflora
Diospyros alba,,Plant tissue culture to field: Diospyros alba,diospyros alba
Ambrosia florida,,Plant tissue culture to field: Ambrosia florida,ambrosia florida
Bambusa hederacea,,Plant tissue culture to field: Bambusa hederacea,bambusa hederacea
Hydrangea europaea,,Plant tissue culture to field: Hydrangea europaea,hydrangea europaea
Datura citrina,,Plant tissue culture to field: Datura citrina,datura citrina
Betula barbata,,Plant tissue culture to field: Betula barbata,betula barbata
Stellaria violacea,,Plant tissue culture to field: Stellaria violacea,stellaria violacea
Poa lactea,,Plant tissue culture to field: Poa lactea,poa lactea
Lobelia officinalis,,Plant tissue culture to field: Lobelia officinalis,lobelia officinalis
Picea pratensis,,Plant tissue culture to field: Picea pratensis,picea pratensis
Alcea caryophyllata,,Plant tissue culture to field: Alcea caryophyllata,alcea caryophyllata
Camellia coccinea,,Plant tissue culture to field: Camellia coccinea,camellia coccinea
Phaseolus nana,,Plant tissue culture to field: Phaseolus nana,phaseolus nana
Ziziphus radiata,,Plant tissue culture to field: Ziziphus radiata,ziziphus radiata
Eugenia compacta,,Plant tissue culture to field: Eugenia compacta,eugenia compacta
Datura dasycarpa,,Plant tissue culture to field: Datura dasycarpa,datura dasycarpa
Juniperus dulcis,,Plant tissue culture to field: Juniperus dulcis,juniperus dulcis
Iris deltoidea,,Plant tissue culture to field: Iris deltoidea,iris deltoidea
Cynodon vulgaris,,Plant tissue culture to field: Cynodon vulgaris,cynodon vulgaris
Medicago versicolor,,Plant tissue culture to field: Medicago versicolor,medicago versicolor
Lotus rosea,,Plant tissue culture to field: Lotus rosea,lotus rosea
Hibiscus australis,,Plant tissue culture to field: Hibiscus australis,hibiscus australis
Ocimum violacea,,Plant tissue culture to field: Ocimum violacea,ocimum violacea
Crinum dubia,,Plant tissue culture to field: Crinum dubia,crinum dubia
Ferula nigra,,Plant tissue culture to field: Ferula nigra,ferula nigra
Dioscorea pinnata,,Plant tissue culture to field: Dioscorea pinnata,dioscorea pinnata
Solanum capensis,,Plant tissue culture to field: Solanum capensis,solanum capensis
Paeonia edulis,,Plant tissue culture to field: Paeonia edulis,paeonia edulis
Ambrosia capensis,,Plant tissue culture to field: Ambrosia capensis,ambrosia capensis
Hibiscus nobilis,,Plant tissue culture to field: Hibiscus nobilis,hibiscus nobilis
Juniperus viridis,,Plant tissue culture to field: Juniperus viridis,juniperus viridis
Psidium indica,,Plant tissue culture to field: Psidium indica,psidium indica
Ilex florida,,Plant tissue culture to field: Ilex florida,ilex florida
Magnolia elongata,,Plant tissue culture to field: Magnolia elongata,magnolia elongata
Dioscorea lanata,,Plant tissue culture to field: Dioscorea lanata,dioscorea lanata
Xanthium paniculata,,Plant tissue culture to field: Xanthium paniculata,xanthium paniculata
Silybum edulis,,Plant tissue culture to field: Silybum edulis,silybum edulis
Begonia violacea,,Plant tissue culture to field: Begonia violacea,begonia violacea
Echinacea patula,,Plant tissue culture to field: Echinacea patula,echinacea patula
Saponaria repens,,Plant tissue culture to field: Saponaria repens,saponaria repens
Lycium dubia,,Plant tissue culture to field: Lycium dubia,lycium dubia
Taxus hederacea,,Plant tissue culture to field: Taxus hederacea,taxus hederacea
Digitalis elegans,,Plant tissue culture to field: Digitalis elegans,digitalis elegans
Lens indica,,Plant tissue culture to field: Lens indica,lens indica
Trifolium procumbens,,Plant tissue culture to field: Trifolium procumbens,trifolium procumbens
Pisum major,,Plant tissue culture to field: Pisum major,pisum major
Poa esculenta,,Plant tissue culture to field: Poa esculenta,poa esculenta
Fritillaria rosea,,Plant tissue culture to field: Fritillaria rosea,fritillaria rosea
Aster alpina,,Plant tissue culture to field: Aster alpina,aster alpina
Cynara sylvatica,,Plant tissue culture to field: Cynara sylvatica,cynara sylvatica
Linum lanceolata,,Plant tissue culture to field: Linum lanceolata,linum lanceolata
Citrus capensis,,Plant tissue culture to field: Citrus capensis,citrus capensis
Castanea grisea,,Plant tissue culture to field: Castanea grisea,castanea grisea
Acer tricolor,,Plant tissue culture to field: Acer tricolor,acer tricolor
Bambusa versicolor,,Plant tissue culture to field: Bambusa versicolor,bambusa versicolor
Pennisetum ensis,,Plant tissue culture to field: Pennisetum ensis,pennisetum ensis
Lens caryophyllata,,Plant tissue culture to field: Lens caryophyllata,lens caryophyllata
Rudbeckia rosea,,Plant tissue culture to field: Rudbeckia rosea,rudbeckia rosea
Triticum citrina,,Plant tissue culture to field: Triticum citrina,triticum citrina
Passiflora calendulacea,,Plant tissue culture to field: Passiflora calendulacea,passiflora calendulacea
Sorghum paniculata,,Plant tissue culture to field: Sorghum paniculata,sorghum paniculata
Vicia lutea,,Plant tissue culture to field: Vicia lutea,vicia lutea
Stellaria patula,,Plant tissue culture to field: Stellaria patula,stellaria patula
Musa gallica,,Plant tissue culture to field: Musa gallica,musa gallica
Tulipa rosea,,Plant tissue culture to field: Tulipa rosea,tulipa rosea
Carthamus nitida,,Plant tissue culture to field: Carthamus nitida,carthamus nitida
Citrus rotundifolia,,Plant tissue culture to field: Citrus rotundifolia,citrus rotundifolia
Tulipa umbellata,,Plant tissue culture to field: Tulipa umbellata,tulipa umbellata
Kalanchoe capensis,,Plant tissue culture to field: Kalanchoe capensis,kalanchoe capensis
Cicer pinnata,,Plant tissue culture to field: Cicer pinnata,cicer pinnata
Tulipa recurva,,Plant tissue culture to field: Tulipa recurva,tulipa recurva
Ocimum erecta,,Plant tissue culture to field: Ocimum erecta,ocimum erecta
Nicotiana caryophyllata,,Plant tissue culture to field: Nicotiana caryophyllata,nicotiana caryophyllata
Trifolium palustris,,Plant tissue culture to field: Trifolium palustris,trifolium palustris
Triticum esculenta,,Plant tissue culture to field: Triticum esculenta,triticum esculenta
Saponaria carnea,,Plant tissue culture to field: Saponaria carnea,saponaria carnea
Carissa pallida,,Plant tissue culture to field: Carissa pallida,carissa pallida
Matricaria grisea,,Plant tissue culture to field: Matricaria grisea,matricaria grisea
Origanum procumbens,,Plant tissue culture to field: Origanum procumbens,origanum procumbens
Indigofera albidum,,Plant tissue culture to field: Indigofera albidum,indigofera albidum
Olea vulgaris,,Plant tissue culture to field: Olea vulgaris,olea vulgaris
Passiflora xantha,,Plant tissue culture to field: Passiflora xantha,passiflora xantha
Cynodon sibirica,,Plant tissue culture to field: Cynodon sibirica,cynodon sibirica
Salix deltoidea,,Plant tissue culture to field: Salix deltoidea,salix deltoidea
Papaver nigra,,Plant tissue culture to field: Papaver nigra,papaver nigra
Elaeis paniculata,,Plant tissue culture to field: Elaeis paniculata,elaeis paniculata
Spathiphyllum xantha,,Plant tissue culture to field: Spathiphyllum xantha,spathiphyllum xantha
Asparagus japonica,,Plant tissue culture to field: Asparagus japonica,asparagus japonica
Buddleja erecta,,Plant tissue culture to field: Buddleja erecta,buddleja erecta
Hordeum japonica,,Plant tissue culture to field: Hordeum japonica,hordeum japonica
Vaccinium annua,,Plant tissue culture to field: Vaccinium annua,vaccinium annua
Sorghum esculenta,,Plant tissue culture to field: Sorghum esculenta,sorghum esculenta
Amaranthus officinalis,,Plant tissue culture to field: Amaranthus officinalis,amaranthus officinalis
Beta fruticosa,,Plant tissue culture to field: Beta fruticosa,beta fruticosa
Ceratonia lactea,,Plant tissue culture to field: Ceratonia lactea,ceratonia lactea
Grevillea lanceolata,,Plant tissue culture to field: Grevillea lanceolata,grevillea lanceolata
Colocasia diffusa,,Plant tissue culture to field: Colocasia diffusa,colocasia diffusa
Pistacia spicata,,Plant tissue culture to field: Pistacia spicata,pistacia spicata
Papaver purpurea,,Plant tissue culture to field: Papaver purpurea,papaver purpurea
Avicennia grandiflora,,Plant tissue culture to field: Avicennia grandiflora,avicennia grandiflora
Tagetes calendulacea,,Plant tissue culture to field: Tagetes calendulacea,tagetes calendulacea
Poa coccinea,,Plant tissue culture to field: Poa coccinea,poa coccinea
Impatiens sativa,,Plant tissue culture to field: Impatiens sativa,impatiens sativa
Euphorbia multiflora,,Plant tissue culture to field: Euphorbia multiflora,euphorbia multiflora
Viola versicolor,,Plant tissue culture to field: Viola versicolor,viola versicolor
Artemisia vulgaris,,Plant tissue culture to field: Artemisia vulgaris,artemisia vulgaris
Hordeum major,,Plant tissue culture to field: Hordeum major,hordeum major
Ilex falcata,,Plant tissue culture to field: Ilex falcata,ilex falcata
Allium littoralis,,Plant tissue culture to field: Allium littoralis,allium littoralis
Malus europaea,,Plant tissue culture to field: Malus europaea,malus europaea
Lactuca pinnata,,Plant tissue culture to field: Lactuca pinnata,lactuca pinnata
Medicago europaea,,Plant tissue culture to field: Medicago europaea,medicago europaea
Lonicera tricolor,,Plant tissue culture to field: Lonicera tricolor,lonicera tricolor
Santalum zeylanica,,Plant tissue culture to field: Santalum zeylanica,santalum zeylanica
Eleusine europaea,,Plant tissue culture to field: Eleusine europaea,eleusine europaea
Stellaria calendulacea,,Plant tissue culture to field: Stellaria calendulacea,stellaria calendulacea
Asparagus flava,,Plant tissue culture to field: Asparagus flava,asparagus flava
Colocasia palustris,,Plant tissue culture to field: Colocasia palustris,colocasia palustris
Avicennia longifolia,,Plant tissue culture to field: Avicennia longifolia,avicennia longifolia
Amaranthus pumila,,Plant tissue culture to field: Amaranthus pumila,amaranthus pumila
Avena annua,,Plant tissue culture to field: Avena annua,avena annua
Secale orientalis,,Plant tissue culture to field: Secale orientalis,secale orientalis
Xanthium compacta,,Plant tissue culture to field: Xanthium compacta,xanthium compacta
Astragalus hederacea,,Plant tissue culture to field: Astragalus hederacea,astragalus hederacea
Castanea xantha,,Plant tissue culture to field: Castanea xantha,castanea xantha
Medicago longifolia,,Plant tissue culture to field: Medicago longifolia,medicago longifolia
Magnolia diffusa,,Plant tissue culture to field: Magnolia diffusa,magnolia diffusa
Begonia alba,,Plant tissue culture to field: Begonia alba,begonia alba
Convolvulus nitida,,Plant tissue culture to field: Convolvulus nitida,convolvulus nitida
Magnolia nobilis,,Plant tissue culture to field: Magnolia nobilis,magnolia nobilis
Eucalyptus japonica,,Plant tissue culture to field: Eucalyptus japonica,eucalyptus japonica
Camellia alba,,Plant tissue culture to field: Camellia alba,camellia alba
Rubus fruticosa,,Plant tissue culture to field: Rubus fruticosa,rubus fruticosa
Mimosa lactea,,Plant tissue culture to field: Mimosa lactea,mimosa lactea
Alnus lactea,,Plant tissue culture to field: Alnus lactea,alnus lactea
Matricaria lanceolata,,Plant tissue culture to field: Matricaria lanceolata,matricaria lanceolata
Centaurea maxima,,Plant tissue culture to field: Centaurea maxima,centaurea maxima
Foeniculum umbellata,,Plant tissue culture to field: Foeniculum umbellata,foeniculum umbellata
Glycine tomentosa,,Plant tissue culture to field: Glycine tomentosa,glycine tomentosa
Dipsacus parviflora,,Plant tissue culture to field: Dipsacus parviflora,dipsacus parviflora
Ziziphus ovata,,Plant tissue culture to field: Ziziphus ovata,ziziphus ovata
Aegle edulis,,Plant tissue culture to field: Aegle edulis,aegle edulis
Kalanchoe major,,Plant tissue culture to field: Kalanchoe major,kalanchoe major
Hibiscus edulis,,Plant tissue culture to field: Hibiscus edulis,hibiscus edulis
Populus rubra,,Plant tissue culture to field: Populus rubra,populus rubra
Hordeum rosea,,Plant tissue culture to field: Hordeum rosea,hordeum rosea
Vaccinium dulcis,,Plant tissue culture to field: Vaccinium dulcis,vaccinium dulcis
Ulmus europaea,,Plant tissue culture to field: Ulmus europaea,ulmus europaea
Pennisetum barbata,,Plant tissue culture to field: Pennisetum barbata,pennisetum barbata
Chenopodium alba,,Plant tissue culture to field: Chenopodium alba,chenopodium alba
Celosia xantha,,Plant tissue culture to field: Celosia xantha,celosia xantha
Ammi major,,Plant tissue culture to field: Ammi major,ammi major
Allium perennis,,Plant tissue culture to field: Allium perennis,allium perennis
Crinum citrina,,Plant tissue culture to field: Crinum citrina,crinum citrina
Urtica picta,,Plant tissue culture to field: Urtica picta,urtica picta
Elaeis recurva,,Plant tissue culture to field: Elaeis recurva,elaeis recurva
Curcuma capensis,,Plant tissue culture to field: Curcuma capensis,curcuma capensis
Fragaria orientalis,,Plant tissue culture to field: Fragaria orientalis,fragaria orientalis
Satureja lutea,,Plant tissue culture to field: Satureja lutea,satureja lutea
Alcea lutea,,Plant tissue culture to field: Alcea lutea,alcea lutea
Manihot falcata,,Plant tissue culture to field: Manihot falcata,manihot falcata
Kigelia fragrans,,Plant tissue culture to field: Kigelia fragrans,kigelia fragrans
Pyrus maxima,,Plant tissue culture to field: Pyrus maxima,pyrus maxima
Taraxacum latifolia,,Plant tissue culture to field: Taraxacum latifolia,taraxacum latifolia
Ipomoea indica,,Plant tissue culture to field: Ipomoea indica,ipomoea indica
Jasminum pubescens,,Plant tissue culture to field: Jasminum pubescens,jasminum pubescens
Lactuca umbellata,,Plant tissue culture to field: Lactuca umbellata,lactuca umbellata
Trifolium platyphylla,,Plant tissue culture to field: Trifolium platyphylla,trifolium platyphylla
Acacia compacta,,Plant tissue culture to field: Acacia compacta,acacia compacta
Capsicum florida,,Plant tissue culture to field: Capsicum florida,capsicum florida
Lobelia fasciculata,,Plant tissue culture to field: Lobelia fasciculata,lobelia fasciculata
Avena carnea,,Plant tissue culture to field: Avena carnea,avena carnea
Psidium carnea,,Plant tissue culture to field: Psidium carnea,psidium carnea
Ziziphus falcata,,Plant tissue culture to field: Ziziphus falcata,ziziphus falcata
Bidens sativa,,Plant tissue culture to field: Bidens sativa,bidens sativa
Fagus glauca,,Plant tissue culture to field: Fagus glauca,fagus glauca
Lotus chinensis,,Plant tissue culture to field: Lotus chinensis,lotus chinensis
Lobelia americana,,Plant tissue culture to field: Lobelia americana,lobelia americana
Hedera recurva,,Plant tissue culture to field: Hedera recurva,hedera recurva
Citrus chinensis,,Plant tissue culture to field: Citrus chinensis,citrus chinensis
Urtica zeylanica,,Plant tissue culture to field: Urtica zeylanica,urtica zeylanica
Ricinus erecta,,Plant tissue culture to field: Ricinus erecta,ricinus erecta
Tulipa montana,,Plant tissue culture to field: Tulipa montana,tulipa montana
Bambusa lanceolata,,Plant tissue culture to field: Bambusa lanceolata,bambusa lanceolata
Cicer orientalis,,Plant tissue culture to field: Cicer orientalis,cicer orientalis
Eleusine humilis,,Plant tissue culture to field: Eleusine humilis,eleusine humilis
Pennisetum spicata,,Plant tissue culture to field: Pennisetum spicata,pennisetum spicata
Passiflora dentata,,Plant tissue culture to field: Passiflora dentata,passiflora dentata
Dracaena falcata,,Plant tissue culture to field: Dracaena falcata,dracaena falcata
Aloe inermi,,Plant tissue culture to field: Aloe inermi,aloe inermi
Hemerocallis grisea,,Plant tissue culture to field: Hemerocallis grisea,hemerocallis grisea
Grevillea minor,,Plant tissue culture to field: Grevillea minor,grevillea minor
Olea integrifolia,,Plant tissue culture to field: Olea integrifolia,olea integrifolia
Cedrus umbellata,,Plant tissue culture to field: Cedrus umbellata,cedrus umbellata
Yucca elegans,,Plant tissue culture to field: Yucca elegans,yucca elegans
Plantago pumila,,Plant tissue culture to field: Plantago pumila,plantago pumila
Calendula nobilis,,Plant tissue culture to field: Calendula nobilis,calendula nobilis
Cedrus patula,,Plant tissue culture to field: Cedrus patula,cedrus patula
Kigelia zeylanica,,Plant tissue culture to field: Kigelia zeylanica,kigelia zeylanica
Cassia juncea,,Plant tissue culture to field: Cassia juncea,cassia juncea
Bidens citrina,,Plant tissue culture to field: Bidens citrina,bidens citrina
Petroselinum rubra,,Plant tissue culture to field: Petroselinum rubra,petroselinum rubra
Bromus nobilis,,Plant tissue culture to field: Bromus nobilis,bromus nobilis
Linum trifoliata,,Plant tissue culture to field: Linum trifoliata,linum trifoliata
Mimosa glauca,,Plant tissue culture to field: Mimosa glauca,mimosa glauca
Vicia carnea,,Plant tissue culture to field: Vicia carnea,vicia carnea
Dioscorea versicolor,,Plant tissue culture to field: Dioscorea versicolor,dioscorea versicolor
Ocimum foetida,,Plant tissue culture to field: Ocimum foetida,ocimum foetida
Pistacia montana,,Plant tissue culture to field: Pistacia montana,pistacia montana
Phoenix deltoidea,,Plant tissue culture to field: Phoenix deltoidea,phoenix deltoidea
Acacia foetida,,Plant tissue culture to field: Acacia foetida,acacia foetida
Beta canadensis,,Plant tissue culture to field: Beta canadensis,beta canadensis
Buxus radiata,,Plant tissue culture to field: Buxus radiata,buxus radiata
Opuntia montana,,Plant tissue culture to field: Opuntia montana,opuntia montana
Eucalyptus fruticosa,,Plant tissue culture to field: Eucalyptus fruticosa,eucalyptus fruticosa
Clerodendrum glabra,,Plant tissue culture to field: Clerodendrum glabra,clerodendrum glabra
Ricinus elongata,,Plant tissue culture to field: Ricinus elongata,ricinus elongata
Helianthus ensis,,Plant tissue culture to field: Helianthus ensis,helianthus ensis
Stellaria grandiflora,,Plant tissue culture to field: Stellaria grandiflora,stellaria grandiflora
Onobrychis versicolor,,Plant tissue culture to field: Onobrychis versicolor,onobrychis versicolor
Ziziphus spicata,,Plant tissue culture to field: Ziziphus spicata,ziziphus spicata
Satureja platyphylla,,Plant tissue culture to field: Satureja platyphylla,satureja platyphylla
Petroselinum indica,,Plant tissue culture to field: Petroselinum indica,petroselinum indica
Hibiscus sinensis,,Plant tissue culture to field: Hibiscus sinensis,hibiscus sinensis
Ziziphus officinalis,,Plant tissue culture to field: Ziziphus officinalis,ziziphus officinalis
Vicia juncea,,Plant tissue culture to field: Vicia juncea,vicia juncea
Pinus zeylanica,,Plant tissue culture to field: Pinus zeylanica,pinus zeylanica
Ceratonia sylvatica,,Plant tissue culture to field: Ceratonia sylvatica,ceratonia sylvatica
Salvia sativa,,Plant tissue culture to field: Salvia sativa,salvia sativa
Stevia japonica,,Plant tissue culture to field: Stevia japonica,stevia japonica
Tulipa glabra,,Plant tissue culture to field: Tulipa glabra,tulipa glabra
Triticum grisea,,Plant tissue culture to field: Triticum grisea,triticum grisea
Astragalus elegans,,Plant tissue culture to field: Astragalus elegans,astragalus elegans
Ziziphus longifolia,,Plant tissue culture to field: Ziziphus longifolia,ziziphus longifolia
Medicago inermi,,Plant tissue culture to field: Medicago inermi,medicago inermi
Phoenix crispum,,Plant tissue culture to field: Phoenix crispum,phoenix crispum
Clerodendrum pratensis,,Plant tissue culture to field: Clerodendrum pratensis,clerodendrum pratensis
Buxus versicolor,,Plant tissue culture to field: Buxus versicolor,buxus versicolor
Satureja media,,Plant tissue culture to field: Satureja media,satureja media
Juglans edulis,,Plant tissue culture to field: Juglans edulis,juglans edulis
Alnus sylvatica,,Plant tissue culture to field: Alnus sylvatica,alnus sylvatica
Tulipa deltoidea,,Plant tissue culture to field: Tulipa deltoidea,tulipa deltoidea
Rosmarinus gallica,,Plant tissue culture to field: Rosmarinus gallica,rosmarinus gallica
Ocimum crispum,,Plant tissue culture to field: Ocimum crispum,ocimum crispum
Arachis reticulata,,Plant tissue culture to field: Arachis reticulata,arachis reticulata
Ferula xantha,,Plant tissue culture to field: Ferula xantha,ferula xantha
Grevillea nana,,Plant tissue culture to field: Grevillea nana,grevillea nana
Viola purpurea,,Plant tissue culture to field: Viola purpurea,viola purpurea
Bambusa erecta,,Plant tissue culture to field: Bambusa erecta,bambusa erecta
Carica orientalis,,Plant tissue culture to field: Carica orientalis,carica orientalis
Passiflora multiflora,,Plant tissue culture to field: Passiflora multiflora,passiflora multiflora
Stevia dulcis,,Plant tissue culture to field: Stevia dulcis,stevia dulcis
Santalum nana,,Plant tissue culture to field: Santalum nana,santalum nana
Cynara flava,,Plant tissue culture to field: Cynara flava,cynara flava
Poa dasycarpa,,Plant tissue culture to field: Poa dasycarpa,poa dasycarpa
Oryza ensis,,Plant tissue culture to field: Oryza ensis,oryza ensis
Mentha grandiflora,,Plant tissue culture to field: Mentha grandiflora,mentha grandiflora
Camellia hederacea,,Plant tissue culture to field: Camellia hederacea,camellia hederacea
Oryza parviflora,,Plant tissue culture to field: Oryza parviflora,oryza parviflora
Taraxacum cordata,,Plant tissue culture to field: Taraxacum cordata,taraxacum cordata
Opuntia indica,,Plant tissue culture to field: Opuntia indica,opuntia indica
Ananas fragrans,,Plant tissue culture to field: Ananas fragrans,ananas fragrans
Salix repens,,Plant tissue culture to field: Salix repens,salix repens
Secale hirsuta,,Plant tissue culture to field: Secale hirsuta,secale hirsuta
Prunus vernalis,,Plant tissue culture to field: Prunus vernalis,prunus vernalis
Manihot pinnata,,Plant tissue culture to field: Manihot pinnata,manihot pinnata
Corylus integrifolia,,Plant tissue culture to field: Corylus integrifolia,corylus integrifolia
Brassica nigra,,Plant tissue culture to field: Brassica nigra,brassica nigra
Cucumis nobilis,,Plant tissue culture to field: Cucumis nobilis,cucumis nobilis
Berberis trifoliata,,Plant tissue culture to field: Berberis trifoliata,berberis trifoliata
Linum persica,,Plant tissue culture to field: Linum persica,linum persica
Aegle arvensis,,Plant tissue culture to field: Aegle arvensis,aegle arvensis
Avena alpina,,Plant tissue culture to field: Avena alpina,avena alpina
Fragaria lactea,,Plant tissue culture to field: Fragaria lactea,fragaria lactea
Aegle ovata,,Plant tissue culture to field: Aegle ovata,aegle ovata
Calathea multiflora,,Plant tissue culture to field: Calathea multiflora,calathea multiflora
Ambrosia violacea,,Plant tissue culture to field: Ambrosia violacea,ambrosia violacea
Quercus gallica,,Plant tissue culture to field: Quercus gallica,quercus gallica
Silybum caryophyllata,,Plant tissue culture to field: Silybum caryophyllata,silybum caryophyllata
Withania caryophyllata,,Plant tissue culture to field: Withania caryophyllata,withania caryophyllata
Medicago inermi,,Plant tissue culture to field: Medicago inermi,medicago inermi
Prunus nitida,,Plant tissue culture to field: Prunus nitida,prunus nitida
Magnolia umbellata,,Plant tissue culture to field: Magnolia umbellata,magnolia umbellata
Dioscorea purpurea,,Plant tissue culture to field: Dioscorea purpurea,dioscorea purpurea
Mentha gallica,,Plant tissue culture to field: Mentha gallica,mentha gallica
Alnus hederacea,,Plant tissue culture to field: Alnus hederacea,alnus hederacea
Ulex compacta,,Plant tissue culture to field: Ulex compacta,ulex compacta
Ananas inermi,,Plant tissue culture to field: Ananas inermi,ananas inermi
Satureja nigra,,Plant tissue culture to field: Satureja nigra,satureja nigra
Cynodon gallica,,Plant tissue culture to field: Cynodon gallica,cynodon gallica
Alnus procumbens,,Plant tissue culture to field: Alnus procumbens,alnus procumbens
Ailanthus sativa,,Plant tissue culture to field: Ailanthus sativa,ailanthus sativa
Avena florida,,Plant tissue culture to field: Avena florida,avena florida
Malus crispum,,Plant tissue culture to field: Malus crispum,malus crispum
Capsicum fragrans,,Plant tissue culture to field: Capsicum fragrans,capsicum fragrans
Caladium indica,,Plant tissue culture to field: Caladium indica,caladium indica
Lotus elongata,,Plant tissue culture to field: Lotus elongata,lotus elongata
Dioscorea cordata,,Plant tissue culture to field: Dioscorea cordata,dioscorea cordata
Rubus crispum,,Plant tissue culture to field: Rubus crispum,rubus crispum
Lonicera officinalis,,Plant tissue culture to field: Lonicera officinalis,lonicera officinalis
Dioscorea dasycarpa,,Plant tissue culture to field: Dioscorea dasycarpa,dioscorea dasycarpa
Paeonia pinnata,,Plant tissue culture to field: Paeonia pinnata,paeonia pinnata
Artemisia hederacea,,Plant tissue culture to field: Artemisia hederacea,artemisia hederacea
Acacia dubia,,Plant tissue culture to field: Acacia dubia,acacia dubia
Cynodon grandiflora,,Plant tissue culture to field: Cynodon grandiflora,cynodon grandiflora
Rubus platyphylla,,Plant tissue culture to field: Rubus platyphylla,rubus platyphylla
Papaver spicata,,Plant tissue culture to field: Papaver spicata,papaver spicata
Arachis platyphylla,,Plant tissue culture to field: Arachis platyphylla,arachis platyphylla
Vitis compacta,,Plant tissue culture to field: Vitis compacta,vitis compacta
Spinacia caerulea,,Plant tissue culture to field: Spinacia caerulea,spinacia caerulea
Silybum hirsuta,,Plant tissue culture to field: Silybum hirsuta,silybum hirsuta
Santalum lactea,,Plant tissue culture to field: Santalum lactea,santalum lactea
Zingiber spicata,,Plant tissue culture to field: Zingiber spicata,zingiber spicata
Pyrus japonica,,Plant tissue culture to field: Pyrus japonica,pyrus japonica
Avena citrina,,Plant tissue culture to field: Avena citrina,avena citrina
Camellia palustris,,Plant tissue culture to field: Camellia palustris,camellia palustris
Ambrosia chinensis,,Plant tissue culture to field: Ambrosia chinensis,ambrosia chinensis
Helianthus nobilis,,Plant tissue culture to field: Helianthus nobilis,helianthus nobilis
Coffea maxima,,Plant tissue culture to field: Coffea maxima,coffea maxima
Setaria cordata,,Plant tissue culture to field: Setaria cordata,setaria cordata
Diospyros fruticosa,,Plant tissue culture to field: Diospyros fruticosa,diospyros fruticosa
Colocasia montana,,Plant tissue culture to field: Colocasia montana,colocasia montana
Phaseolus lanata,,Plant tissue culture to field: Phaseolus lanata,phaseolus lanata
Lycium inermi,,Plant tissue culture to field: Lycium inermi,lycium inermi
Theobroma viridis,,Plant tissue culture to field: Theobroma viridis,theobroma viridis
Cucumis violacea,,Plant tissue culture to field: Cucumis violacea,cucumis violacea
Quercus umbellata,,Plant tissue culture to field: Quercus umbellata,quercus umbellata
Mimosa alba,,Plant tissue culture to field: Mimosa alba,mimosa alba
Aegle barbata,,Plant tissue culture to field: Aegle barbata,aegle barbata
Ailanthus nigra,,Plant tissue culture to field: Ailanthus nigra,ailanthus nigra
Asclepias humilis,,Plant tissue culture to field: Asclepias humilis,asclepias humilis
Berberis umbellata,,Plant tissue culture to field: Berberis umbellata,berberis umbellata
Cicer falcata,,Plant tissue culture to field: Cicer falcata,cicer falcata
Raphanus paniculata,,Plant tissue culture to field: Raphanus paniculata,raphanus paniculata
Trifolium rosea,,Plant tissue culture to field: Trifolium rosea,trifolium rosea
Euphorbia trilobata,,Plant tissue culture to field: Euphorbia trilobata,euphorbia trilobata
Apium dubia,,Plant tissue culture to field: Apium dubia,apium dubia
Alcea persica,,Plant tissue culture to field: Alcea persica,alcea persica
Capsicum pubescens,,Plant tissue culture to field: Capsicum pubescens,capsicum pubescens
Impatiens capensis,,Plant tissue culture to field: Impatiens capensis,impatiens capensis
Carica hirsuta,,Plant tissue culture to field: Carica hirsuta,carica hirsuta
Matricaria pratensis,,Plant tissue culture to field: Matricaria pratensis,matricaria pratensis
Cocos media,,Plant tissue culture to field: Cocos media,cocos media
Fragaria foetida,,Plant tissue culture to field: Fragaria foetida,fragaria foetida
Atriplex trifoliata,,Plant tissue culture to field: Atriplex trifoliata,atriplex trifoliata
Kalanchoe pubescens,,Plant tissue culture to field: Kalanchoe pubescens,kalanchoe pubescens
Echinacea alba,,Plant tissue culture to field: Echinacea alba,echinacea alba
Astragalus xantha,,Plant tissue culture to field: Astragalus xantha,astragalus xantha
Caladium violacea,,Plant tissue culture to field: Caladium violacea,caladium violacea
Verbascum canadensis,,Plant tissue culture to field: Verbascum canadensis,verbascum canadensis
Gossypium carnea,,Plant tissue culture to field: Gossypium carnea,gossypium carnea
Aloe canadensis,,Plant tissue culture to field: Aloe canadensis,aloe canadensis
Tagetes vernalis,,Plant tissue culture to field: Tagetes vernalis,tagetes vernalis
Papaver crispum,,Plant tissue culture to field: Papaver crispum,papaver crispum
Ulmus sylvatica,,Plant tissue culture to field: Ulmus sylvatica,ulmus sylvatica
Glycine dulcis,,Plant tissue culture to field: Glycine dulcis,glycine dulcis
Delonix canadensis,,Plant tissue culture to field: Delonix canadensis,delonix canadensis
Vinca perennis,,Plant tissue culture to field: Vinca perennis,vinca perennis
Avicennia citrina,,Plant tissue culture to field: Avicennia citrina,avicennia citrina
Juniperus rotundifolia,,Plant tissue culture to field: Juniperus rotundifolia,juniperus rotundifolia
Ricinus decurrens,,Plant tissue culture to field: Ricinus decurrens,ricinus decurrens
Phoenix vernalis,,Plant tissue culture to field: Phoenix vernalis,phoenix vernalis
Rudbeckia fragrans,,Plant tissue culture to field: Rudbeckia fragrans,rudbeckia fragrans
Hyoscyamus maculata,,Plant tissue culture to field: Hyoscyamus maculata,hyoscyamus maculata
Glycine pubescens,,Plant tissue culture to field: Glycine pubescens,glycine pubescens
Carica lactea,,Plant tissue culture to field: Carica lactea,carica lactea
Eleusine umbellata,,Plant tissue culture to field: Eleusine umbellata,eleusine umbellata
Cucurbita citrina,,Plant tissue culture to field: Cucurbita citrina,cucurbita citrina
Ziziphus deltoidea,,Plant tissue culture to field: Ziziphus deltoidea,ziziphus deltoidea
Vitis citrina,,Plant tissue culture to field: Vitis citrina,vitis citrina
Phoenix dasycarpa,,Plant tissue culture to field: Phoenix dasycarpa,phoenix dasycarpa
Vaccinium chinensis,,Plant tissue culture to field: Vaccinium chinensis,vaccinium chinensis
Eleusine erecta,,Plant tissue culture to field: Eleusine erecta,eleusine erecta
Anemone rotundifolia,,Plant tissue culture to field: Anemone rotundifolia,anemone rotundifolia
Withania deltoidea,,Plant tissue culture to field: Withania deltoidea,withania deltoidea
Opuntia falcata,,Plant tissue culture to field: Opuntia falcata,opuntia falcata
Quercus major,,Plant tissue culture to field: Quercus major,quercus major
Fagopyrum rotundifolia,,Plant tissue culture to field: Fagopyrum rotundifolia,fagopyrum rotundifolia
Phoenix sylvatica,,Plant tissue culture to field: Phoenix sylvatica,phoenix sylvatica
Rosa barbata,,Plant tissue culture to field: Rosa barbata,rosa barbata
Betula gallica,,Plant tissue culture to field: Betula gallica,betula gallica
Petroselinum parviflora,,Plant tissue culture to field: Petroselinum parviflora,petroselinum parviflora
Lycium deltoidea,,Plant tissue culture to field: Lycium deltoidea,lycium deltoidea
Sorghum flava,,Plant tissue culture to field: Sorghum flava,sorghum flava
Acer gallica,,Plant tissue culture to field: Acer gallica,acer gallica
Sanguinaria citrina,,Plant tissue culture to field: Sanguinaria citrina,sanguinaria citrina
Phoenix paniculata,,Plant tissue culture to field: Phoenix paniculata,phoenix paniculata
Solanum barbata,,Plant tissue culture to field: Solanum barbata,solanum barbata
Carica umbellata,,Plant tissue culture to field: Carica umbellata,carica umbellata
Paeonia maculata,,Plant tissue culture to field: Paeonia maculata,paeonia maculata
Santalum parviflora,,Plant tissue culture to field: Santalum parviflora,santalum parviflora
Dipsacus vulgaris,,Plant tissue culture to field: Dipsacus vulgaris,dipsacus vulgaris
Juglans borealis,,Plant tissue culture to field: Juglans borealis,juglans borealis
Juglans florida,,Plant tissue culture to field: Juglans florida,juglans florida
Curcuma media,,Plant tissue culture to field: Curcuma media,curcuma media
Ocimum major,,Plant tissue culture to field: Ocimum major,ocimum major
Cicer elongata,,Plant tissue culture to field: Cicer elongata,cicer elongata
Buxus recurva,,Plant tissue culture to field: Buxus recurva,buxus recurva
Passiflora hederacea,,Plant tissue culture to field: Passiflora hederacea,passiflora hederacea
Rosmarinus alba,,Plant tissue culture to field: Rosmarinus alba,rosmarinus alba
Solanum sibirica,,Plant tissue culture to field: Solanum sibirica,solanum sibirica
Daucus pyrenaica,,Plant tissue culture to field: Daucus pyrenaica,daucus pyrenaica
Pennisetum elegans,,Plant tissue culture to field: Pennisetum elegans,pennisetum elegans
Trifolium violacea,,Plant tissue culture to field: Trifolium violacea,trifolium violacea
Xanthium pratensis,,Plant tissue culture to field: Xanthium pratensis,xanthium pratensis
Atriplex deltoidea,,Plant tissue culture to field: Atriplex deltoidea,atriplex deltoidea
Crinum picta,,Plant tissue culture to field: Crinum picta,crinum picta
Cedrus canadensis,,Plant tissue culture to field: Cedrus canadensis,cedrus canadensis
Allium montana,,Plant tissue culture to field: Allium montana,allium montana
Alpinia falcata,,Plant tissue culture to field: Alpinia falcata,alpinia falcata
Spinacia carnea,,Plant tissue culture to field: Spinacia carnea,spinacia carnea
Oxalis citrina,,Plant tissue culture to field: Oxalis citrina,oxalis citrina
Celosia sylvatica,,Plant tissue culture to field: Celosia sylvatica,celosia sylvatica
Curcuma spicata,,Plant tissue culture to field: Curcuma spicata,curcuma spicata
Matricaria paniculata,,Plant tissue culture to field: Matricaria paniculata,matricaria paniculata
Ficus zeylanica,,Plant tissue culture to field: Ficus zeylanica,ficus zeylanica
Lilium diffusa,,Plant tissue culture to field: Lilium diffusa,lilium diffusa
Silybum integrifolia,,Plant tissue culture to field: Silybum integrifolia,silybum integrifolia
Prunus integrifolia,,Plant tissue culture to field: Prunus integrifolia,prunus integrifolia
Celosia perennis,,Plant tissue culture to field: Celosia perennis,celosia perennis
Arachis ovata,,Plant tissue culture to field: Arachis ovata,arachis ovata
Buxus inermi,,Plant tissue culture to field: Buxus inermi,buxus inermi
Juglans flava,,Plant tissue culture to field: Juglans flava,juglans flava
Yucca edulis,,Plant tissue culture to field: Yucca edulis,yucca edulis
Onobrychis vulgaris,,Plant tissue culture to field: Onobrychis vulgaris,onobrychis vulgaris
Colocasia integrifolia,,Plant tissue culture to field: Colocasia integrifolia,colocasia integrifolia
Grevillea radiata,,Plant tissue culture to field: Grevillea radiata,grevillea radiata
Linum glauca,,Plant tissue culture to field: Linum glauca,linum glauca
Catharanthus violacea,,Plant tissue culture to field: Catharanthus violacea,catharanthus violacea
Bidens dubia,,Plant tissue culture to field: Bidens dubia,bidens dubia
Cucumis montana,,Plant tissue culture to field: Cucumis montana,cucumis montana
Fragaria dasycarpa,,Plant tissue culture to field: Fragaria dasycarpa,fragaria dasycarpa
Clerodendrum latifolia,,Plant tissue culture to field: Clerodendrum latifolia,clerodendrum latifolia
Theobroma rotundifolia,,Plant tissue culture to field: Theobroma rotundifolia,theobroma rotundifolia
Silybum rubra,,Plant tissue culture to field: Silybum rubra,silybum rubra
Agave tricolor,,Plant tissue culture to field: Agave tricolor,agave tricolor
Rubus edulis,,Plant tissue culture to field: Rubus edulis,rubus edulis
Cajanus rubra,,Plant tissue culture to field: Cajanus rubra,cajanus rubra
Oxalis tomentosa,,Plant tissue culture to field: Oxalis tomentosa,oxalis tomentosa
Fragaria edulis,,Plant tissue culture to field: Fragaria edulis,fragaria edulis
Carissa glauca,,Plant tissue culture to field: Carissa glauca,carissa glauca
Spathiphyllum arvensis,,Plant tissue culture to field: Spathiphyllum arvensis,spathiphyllum arvensis
Cucurbita orientalis,,Plant tissue culture to field: Cucurbita orientalis,cucurbita orientalis
Acer vulgaris,,Plant tissue culture to field: Acer vulgaris,acer vulgaris
Ulex glauca,,Plant tissue culture to field: Ulex glauca,ulex glauca
Jasminum inermi,,Plant tissue culture to field: Jasminum inermi,jasminum inermi
Begonia fragrans,,Plant tissue culture to field: Begonia fragrans,begonia fragrans
Urtica paniculata,,Plant tissue culture to field: Urtica paniculata,urtica paniculata
Triticum ovata,,Plant tissue culture to field: Triticum ovata,triticum ovata
Apium dasycarpa,,Plant tissue culture to field: Apium dasycarpa,apium dasycarpa
Opuntia pubescens,,Plant tissue culture to field: Opuntia pubescens,opuntia pubescens
Solanum crispum,,Plant tissue culture to field: Solanum crispum,solanum crispum
Apium nigra,,Plant tissue culture to field: Apium nigra,apium nigra
Cicer caryophyllata,,Plant tissue culture to field: Cicer caryophyllata,cicer caryophyllata
Asclepias ovata,,Plant tissue culture to field: Asclepias ovata,asclepias ovata
Fagopyrum juncea,,Plant tissue culture to field: Fagopyrum juncea,fagopyrum juncea
Silybum coccinea,,Plant tissue culture to field: Silybum coccinea,silybum coccinea
Carissa lutea,,Plant tissue culture to field: Carissa lutea,carissa lutea
Saponaria lanata,,Plant tissue culture to field: Saponaria lanata,saponaria lanata
Crinum longifolia,,Plant tissue culture to field: Crinum longifolia,crinum longifolia
Eugenia pratensis,,Plant tissue culture to field: Eugenia pratensis,eugenia pratensis
Colocasia tricolor,,Plant tissue culture to field: Colocasia tricolor,colocasia tricolor
Dracaena rubra,,Plant tissue culture to field: Dracaena rubra,dracaena rubra
Lonicera elegans,,Plant tissue culture to field: Lonicera elegans,lonicera elegans
Cinnamomum calendulacea,,Plant tissue culture to field: Cinnamomum calendulacea,cinnamomum calendulacea
Secale albidum,,Plant tissue culture to field: Secale albidum,secale albidum
Glycine zeylanica,,Plant tissue culture to field: Glycine zeylanica,glycine zeylanica
Grevillea ensis,,Plant tissue culture to field: Grevillea ensis,grevillea ensis
Narcissus angustifolia,,Plant tissue culture to field: Narcissus angustifolia,narcissus angustifolia
Stevia fasciculata,,Plant tissue culture to field: Stevia fasciculata,stevia fasciculata
Alpinia ensis,,Plant tissue culture to field: Alpinia ensis,alpinia ensis
Trifolium decurrens,,Plant tissue culture to field: Trifolium decurrens,trifolium decurrens
Coffea decurrens,,Plant tissue culture to field: Coffea decurrens,coffea decurrens
Cucumis fasciculata,,Plant tissue culture to field: Cucumis fasciculata,cucumis fasciculata
Lycium rotundifolia,,Plant tissue culture to field: Lycium rotundifolia,lycium rotundifolia
Castanea sibirica,,Plant tissue culture to field: Castanea sibirica,castanea sibirica
Raphanus umbellata,,Plant tissue culture to field: Raphanus umbellata,raphanus umbellata
Rosa glabra,,Plant tissue culture to field: Rosa glabra,rosa glabra
Clerodendrum dubia,,Plant tissue culture to field: Clerodendrum dubia,clerodendrum dubia
Amaranthus pubescens,,Plant tissue culture to field: Amaranthus pubescens,amaranthus pubescens
Nicotiana sylvatica,,Plant tissue culture to field: Nicotiana sylvatica,nicotiana sylvatica
Castanea multiflora,,Plant tissue culture to field: Castanea multiflora,castanea multiflora
Origanum orientalis,,Plant tissue culture to field: Origanum orientalis,origanum orientalis
Colocasia dulcis,,Plant tissue culture to field: Colocasia dulcis,colocasia dulcis
Fagopyrum glauca,,Plant tissue culture to field: Fagopyrum glauca,fagopyrum glauca
Salvia chinensis,,Plant tissue culture to field: Salvia chinensis,salvia chinensis
Ambrosia indica,,Plant tissue culture to field: Ambrosia indica,ambrosia indica
Linum perennis,,Plant tissue culture to field: Linum perennis,linum perennis
Cassia spicata,,Plant tissue culture to field: Cassia spicata,cassia spicata
Lavandula ensis,,Plant tissue culture to field: Lavandula ensis,lavandula ensis
Glycine dentata,,Plant tissue culture to field: Glycine dentata,glycine dentata
Satureja florida,,Plant tissue culture to field: Satureja florida,satureja florida
Tamarindus albidum,,Plant tissue culture to field: Tamarindus albidum,tamarindus albidum
Allium major,,Plant tissue culture to field: Allium major,allium major
Oxalis ovata,,Plant tissue culture to field: Oxalis ovata,oxalis ovata
Calathea deltoidea,,Plant tissue culture to field: Calathea deltoidea,calathea deltoidea
Viola elongata,,Plant tissue culture to field: Viola elongata,viola elongata
Capsicum orientalis,,Plant tissue culture to field: Capsicum orientalis,capsicum orientalis
Allium alpina,,Plant tissue culture to field: Allium alpina,allium alpina
Satureja nitida,,Plant tissue culture to field: Satureja nitida,satureja nitida
Medicago elongata,,Plant tissue culture to field: Medicago elongata,medicago elongata
Cynodon dubia,,Plant tissue culture to field: Cynodon dubia,cynodon dubia
Sanguinaria alba,,Plant tissue culture to field: Sanguinaria alba,sanguinaria alba
Ammi glabra,,Plant tissue culture to field: Ammi glabra,ammi glabra
Bambusa caerulea,,Plant tissue culture to field: Bambusa caerulea,bambusa caerulea
Cedrus pallida,,Plant tissue culture to field: Cedrus pallida,cedrus pallida
Papaver recurva,,Plant tissue culture to field: Papaver recurva,papaver recurva
Anthurium vulgaris,,Plant tissue culture to field: Anthurium vulgaris,anthurium vulgaris
Iris borealis,,Plant tissue culture to field: Iris borealis,iris borealis
Tamarindus deltoidea,,Plant tissue culture to field: Tamarindus deltoidea,tamarindus deltoidea
Taxus longifolia,,Plant tissue culture to field: Taxus longifolia,taxus longifolia
Ailanthus amarum,,Plant tissue culture to field: Ailanthus amarum,ailanthus amarum
Asparagus brevifolia,,Plant tissue culture to field: Asparagus brevifolia,asparagus brevifolia
Buddleja fruticosa,,Plant tissue culture to field: Buddleja fruticosa,buddleja fruticosa
Eugenia glabra,,Plant tissue culture to field: Eugenia glabra,eugenia glabra
Atriplex compacta,,Plant tissue culture to field: Atriplex compacta,atriplex compacta
Datura lactea,,Plant tissue culture to field: Datura lactea,datura lactea
Echinacea lanceolata,,Plant tissue culture to field: Echinacea lanceolata,echinacea lanceolata
Coffea juncea,,Plant tissue culture to field: Coffea juncea,coffea juncea
Cynodon orientalis,,Plant tissue culture to field: Cynodon orientalis,cynodon orientalis
Coriandrum nana,,Plant tissue culture to field: Coriandrum nana,coriandrum nana
Verbascum hederacea,,Plant tissue culture to field: Verbascum hederacea,verbascum hederacea
Vicia sibirica,,Plant tissue culture to field: Vicia sibirica,vicia sibirica
Hedera chinensis,,Plant tissue culture to field: Hedera chinensis,hedera chinensis
Crinum versicolor,,Plant tissue culture to field: Crinum versicolor,crinum versicolor
Ipomoea diffusa,,Plant tissue culture to field: Ipomoea diffusa,ipomoea diffusa
Asparagus montana,,Plant tissue culture to field: Asparagus montana,asparagus montana
Ferula glauca,,Plant tissue culture to field: Ferula glauca,ferula glauca
Rudbeckia vulgaris,,Plant tissue culture to field: Rudbeckia vulgaris,rudbeckia vulgaris
Avena erecta,,Plant tissue culture to field: Avena erecta,avena erecta
Acer dasycarpa,,Plant tissue culture to field: Acer dasycarpa,acer dasycarpa
Echinacea capensis,,Plant tissue culture to field: Echinacea capensis,echinacea capensis
Fragaria carnea,,Plant tissue culture to field: Fragaria carnea,fragaria carnea
Colocasia chinensis,,Plant tissue culture to field: Colocasia chinensis,colocasia chinensis
Valeriana deltoidea,,Plant tissue culture to field: Valeriana deltoidea,valeriana deltoidea
